CIF,Name,Branch_Open,Birth_date,Mother_name,Address,ID_No,Phone_no,Mobile_No,Email
1,M. Adam Trepanier,Gujranwala,1978/1/14,Lourie Woodworth,Jalan Gajah Mada No. 7,317106141780008,02125530001,081212330001,ATrepanier@gmail.com
2,M. Adela Vandeventer,Gujrat,1984/6/9,Alison Hunter,Jalan Gajah Mada No. 8,31710996840004,02125530002,0812 12330002,AdelaVandeventer@yahoo.com
3,Adelaide Cherry, Mirpur A.K,1970/12/25,Sonia James,Jalan Gajah Mada No. 9,3171052512700009,02125530003,081212330003,AdelaideCherry@hotmail.com
4,Muh. Adelia Lie,Gujrat,1975/10/12,Tierra Shimek,Jalan Gajah Mada No. 10,3171051210750007,02125530004,081212330004,Adelia@ymail.com
5,Adrian Khow,Jhelum,1993/3/21,Virginia Asmussen,Jalan Gajah Mada No. 11,317107213930006,02125530005,081212330005,Adrian@rocketmail.com
6,Muh. Agnes Monica,Gawadar,1982/6/25,Bambi Buckman,Jalan Gajah Mada No. 12,317104256820001,02125530006,081212330006,Agnes@gmail.com
7,Agnes Pratiwi,Gawadar,1994/2/2,Louann Goggins,Jalan Gajah Mada No. 13,31710622940004,02125530007,0812 1233 0007,Agnes@yahoo.com
8,Agung Andrianto,Gujrat,1992/7/22,Leeann Legendre,Jalan Gajah Mada No. 14,317106227920007,02125530008,081212330008,Agung@hotmail.com
9,Agus Santoso,Gujrat,1986/10/12,Savannah Gilroy,Jalan Gajah Mada No. 15,3171081210860002,02125530009,081212330009,Agus@ymail.com
10,Agusman Kurtono,Jhelum,1993/2/9,Amelia Abraham,Jalan Gajah Mada No. 16,31710192930004,02125530010,081212330010,Agusman@rocketmail.com
11,Agustin Mccarthy,Gawadar,1986/4/12,Carol Tucker,Jalan Gajah Mada No. 17,317108124860004,02125530011,081212330011,AgustinMccarthy@gmail.com
12,Agustinus Bunawan,Hyderabad,1974/8/17,Heather Roberts,Jalan Gajah Mada No. 18,317109178740002,02125530012,081212330012,Agustinus@yahoo.com
13,Airin Chandra,Islamabad,1975/6/25,Grace Stewart,Jalan Gajah Mada No. 19,317102256750009,02125530013,0812 1233 0013,Airin@hotmail.com
14,Al Criner,Faisalabad,1992/1/17,Lily Gray,Jalan Gajah Mada No. 20,317104171920007,02125530014,081212330014,AlCriner@ymail.com
15,Alan Strzelecki,Jhelum,1975/10/23,Audrey Churchill,Jalan Gajah Mada No. 21,3171052310750005,02125530015,081212330015,AlanStrzelecki@rocketmail.com
16,Albert Budiono,Jhelum,1992/8/22,Bella Langdon,Jalan Gajah Mada No. 22,317106228920002,02125530016,081212330016,Albert@gmail.com
17,mr Albert Kurniadi,Hyderabad,1967/4/26,Abigail Pullman,Jalan Gajah Mada No. 23,317107264670004,02125530017,081212330017,Albert@yahoo.com
18,Muh. Albert Kurniawan,Hyderabad,1969/12/15,Theresa Edmunds,Jalan Gajah Mada No. 24,3171031512690009,02125530018,081212330018,Albert@hotmail.com
19,Aldo Kurniawan,Multan,1983/1/28,Felicity Mitchell,Jalan Gajah Mada No. 25,317105281830007,02125530019,081212330019,Aldo@ymail.com
20,Alecia Brwon,Gujranwala,1986/1/22,Julia Ogden,Jalan Gajah Mada No. 26,317102221860001,02125530020,081212330020,AleciaBrwon@rocketmail.com
21,Aleida Murff, Mirpur A.K,1992/11/21,Jasmine Johnston,Jalan Gajah Mada No. 27,3171092111920008,02125530021,081212330021,AleidaMurff@gmail.com
22,Alenxander Andrian,Hyderabad,1989/5/5,Rebecca Greene,Jalan Gajah Mada No. 28,31710755890005,02125530022,081212330022,Alenxander@yahoo.com
23,Ms. Aleshia Pollock,Gujranwala,1992/3/9,Maria Parsons,Jalan Gajah Mada No. 29,31710493920004,02125530023,081212330023,AleshiaPollock@hotmail.com
24,Alexander Awy,Lahore,1990/4/23,Diana Butler,Jalan Gajah Mada No. 30,317107234900001,02125530024,081212330024,Alexander@ymail.com
25,M. Alexandra Coppin,Multan,1991/4/27,Diana Vaughan,Jalan Gajah Mada No. 31,317105274910002,02125530025,081212330025,AlexandraCoppin@rocketmail.com
26,Muh. Alfred Jenkinson,Hyderabad,1974/4/26,Anna Peake,Jalan Gajah Mada No. 32,317107264740003,02125530026,081212330026,AlfredJenkinson@gmail.com
27,Ms. Alicia Partin,Gujrat,1967/8/3,Una Piper,Jalan Merdeka No 123,31710638670001,02125530027,081212330027,AliciaPartin@yahoo.com
28,Ms. Alisha Medina,Gujrat,1966/10/22,Jan Slater,Jalan Merdeka No 124,3171052210660003,02125530028,081212330028,AlishaMedina@hotmail.com
29,mr Alonso Hunziker,Lahore,1993/12/12,Felicity Davies,Jalan Merdeka No 125,3171021212930003,02125530029,081212330029,AlonsoHunziker@ymail.com
30,Alonso Lamay,Faisalabad,1977/4/5,Amanda Avery,Jalan Merdeka No 126,31710154770006,02125530030,081212330030,AlonsoLamay@rocketmail.com
31,mr Alvin Tjong,Jhelum,1966/7/24,Stephanie Knox,Jalan Merdeka No 127,317109247660008,02125530031,081212330031,Alvin@gmail.com
32,Amee Vanalstyne, Mirpur A.K,1994/12/8,Rebecca Simpson,Jalan Merdeka No 128,317105812940002,02125530032,081212330032,AmeeVanalstyne@yahoo.com
33,Muh. Amelia Chandra,Lahore,1989/9/18,Claire Poole,Jalan Merdeka No 129,317102189890002,02125530033,081212330033,Amelia@hotmail.com
34,Ms. Ami Leung,Gujrat,1985/8/20,Kimberly Butler,Jalan Merdeka No 130,317105208850007,02125530034,081212330034,AmiLeung@ymail.com
35,M. Amira Sudderth,Mardan,1992/10/17,Leah Ellison,Jalan Merdeka No 131,3171021710920003,02125530035,081212330035,AmiraSudderth@rocketmail.com
36,Ana Halim,Hyderabad,1994/7/3,Megan Baker,Jalan Merdeka No 132,31710637940005,02125530036,081212330036,Ana@gmail.com
37,Analisa Galeano,Gawadar,1977/10/1,Claire MacLeod,Jalan Merdeka No 133,317109110770006,02125530037,081212330037,AnalisaGaleano@yahoo.com
38,Anamaria Rigg,Gujrat,1968/2/14,Yvonne Bower,Jalan Merdeka No 134,317101142680005,02125530038,081212330038,AnamariaRigg@hotmail.com
39,Andi Renadri,Lahore,1986/4/10,Pippa Fisher,Jalan Merdeka No 135,317108104860006,02125530039,081212330039,Andi@ymail.com
40,Andre Gusena,Islamabad,1978/4/25,Anne Paige,Jalan Merdeka No 136,317105254780003,02125530040,081212330040,Andre@rocketmail.com
41,Andreas Lie,Faisalabad,1986/7/22,Virginia Sutherland,Jalan Merdeka No 137,317104227860004,02125530041,081212330041,Andreas@gmail.com
42,Andreas Tanu,Gawadar,1982/6/5,Angela Cornish,Jalan Merdeka No 138,31710856820004,02125530042,081212330042,Andreas@yahoo.com
43,Andreas Tjaputra,Karachi,1992/6/5,Faith Slater,Jalan Merdeka No 139,31710456920003,02125530043,081212330043,Andreas@hotmail.com
44,Andres Winsett,Muzaffarabad,1970/12/19,Caroline Powell,Jalan Merdeka No 140,3171081912700006,02125530044,081212330044,AndresWinsett@ymail.com
45,Andri Immanuel,Gawadar,1992/2/22,Gabrielle Hamilton,Jalan Merdeka No 141,317107222920003,02125530045,081212330045,Andri@rocketmail.com
46,Andrian Natanael,Gawadar,1986/5/2,Olivia Bower,Jalan Merdeka No 142,31710125860006,02125530046,081212330046,Andrian@gmail.com
47,Andrian Soesanto,Bahawalpur,1990/6/5,Diane Welch,Jalan Merdeka No 143,31710756900001,02125530047,081212330047,Andrian@yahoo.com
48,Andrian Susanto,Gawadar,1991/4/25,Bella Mathis,Jalan Merdeka No 144,317107254910004,02125530048,081212330048,Andrian@hotmail.com
49,Andric Tanuwijaya,Lahore,1971/7/24,Irene Brown,Jalan Merdeka No 145,317107247710008,02125530049,081212330049,Andric@ymail.com
50,Andry Chandra,Hyderabad,1975/11/10,Olivia Miller,Jalan Merdeka No 146,3171041011750005,02125530050,081212330050,Andry@rocketmail.com
51,Andy Sugianto,Mardan,1987/9/6,Elizabeth Lambert,Jalan Merdeka No 147,31710169870002,02125530051,081212330051,Andy@gmail.com
52,Andy William,Multan,1972/1/1,Maria Young,Jalan Merdeka No 148,31710111720003,02125530052,081212330052,Andy@yahoo.com
53,Antione Vanness,Gujrat,1967/6/12,Julia Morgan,Jalan Merdeka No 149,317101126670005,02125530053,081212330053,AntioneVanness@hotmail.com
54,Apriano Kevin,Gujrat,1968/5/20,Amy Jones,Jalan Merdeka No 150,317103205680001,02125530054,081212330054,Apriano@ymail.com
55,Ara Loh,Jhelum,1975/10/28,Ella Chapman,Jalan Merdeka No 151,3171052810750004,02125530055,081212330055,AraLoh@rocketmail.com
56,Ardell Murawski,Muzaffarabad,1985/11/27,Andrea Bower,Jl. Merdeka No 152,3171052711850005,02125530056,081212330056,ArdellMurawski@gmail.com
57,Ardis Thurmond,Muzaffarabad,1967/4/5,Sue Abraham,Jl. Merdeka No 153,31710454670005,02125530057,081212330057,ArdisThurmond@yahoo.com
58,Arie Susanto Suseno,Hyderabad,1991/2/25,Jasmine Hunter,Jl. Merdeka No 154,317102252910007,02125530058,081212330058,Arie@hotmail.com
59,Arief Gunawan,Hyderabad,1973/8/24,Yenny Sulistiawati,Jl. Merdeka barat Gang Mangga N/10,317103248730001,02125530059,081212330059,Arief@ymail.com
60,Aries Goenawan,Gujranwala,1965/6/25,Jen Khow,Jalan Merdeka Barat Gg. Mangga No. 10,317105256650008,02199930060,083812984732,Aries@rocketmail.com
61,Arifin Tan,Gawadar,1980/7/7,Bernadette Clark,Jl. Merdeka No 157,31710977800005,02125530061,081212330061,Arifin@gmail.com
62,Arlene Dasher,Multan,1966/5/15,Amanda Hill,Jl. Merdeka No 158,317101155660008,02125530062,081212330062,ArleneDasher@yahoo.com
63,Arliandi Arifin,Jhelum,1978/9/26,Abigail Miller,Jl. Merdeka No 159,317104269780004,02125530063,081212330063,Arliandi@hotmail.com
64,Arnold Pinkett,Karachi,1988/7/23,Kiersten Solares,Jl. Merdeka No 160,317102237880004,02125530064,081212330064,ArnoldPinkett@ymail.com
65,Arthur,Gawadar,1987/1/27,Irene Hardacre,Jl. Merdeka No 161,317105271870004,02125530065,081212330065,Arthur@rocketmail.com
66,Arturo Hatten,Gawadar,1971/3/15,Nicola Ross,Jl. Merdeka No 162,317105153710005,02125530066,081212330066,ArturoHatten@gmail.com
67,Ashli Tyner,Gujranwala,1975/6/3,Molly Lyman,Jl. Merdeka No 163,31710336750005,02125530067,081212330067,AshliTyner@yahoo.com
68,Asia Weich,Lahore,1987/5/7,Rose Sharp,Jl. Merdeka No 164,31710475870004,02125530068,081212330068,AsiaWeich@hotmail.com
69,August Sherlock,Gawadar,1969/2/1,Diana Jackson,Jl. Merdeka No 165,31710212690004,02125530069,081212330069,AugustSherlock@ymail.com
70,Aurhea Daksono,Faisalabad,1994/2/8,Anna Glover,Jl. Merdeka No 166,31710682940006,02125530070,081212330070,Aurhea@rocketmail.com
71,Babette Schrader,Lahore,1990/11/17,Vernia Brookins,Jl. Merdeka No 167,3171011711900006,02125530071,081212330071,BabetteSchrader@gmail.com
72,Barney Gaetano,Hyderabad,1980/9/7,Dorothy Hughes,Jl. Merdeka No 168,31710679800003,02125530072,081212330072,BarneyGaetano@yahoo.com
73,Barton Bridgett,Multan,1994/2/22,Rose Clark,Jl. Merdeka No 169,317109222940004,02125530073,081212330073,BartonBridgett@hotmail.com
74,Basta Apriani,Multan,1966/10/1,Jan Manning,Jl. Merdeka No 170,317109110660001,02125530074,081212330074,Basta@ymail.com
75,Bea Wehrle,Lahore,1980/2/3,Melanie Harris,Jl. Merdeka No 171,31710932800005,02125530075,081212330075,BeaWehrle@rocketmail.com
76,Benita Kristiani,Gawadar,1970/7/12,Hannah Jackson,Jl. Merdeka No 172,317109127700007,02125530076,081212330076,Benita@gmail.com
77,Benita Wildes,Jhelum,1982/6/8,Deirdre Arnold,Jl. Merdeka No 173,31710786820003,02125530077,081212330077,BenitaWildes@yahoo.com
78,Berry Uzzle,Lahore,1974/1/18,Olivia McDonald,Jl. Merdeka No 174,317103181740001,02125530078,081212330078,BerryUzzle@hotmail.com
79,Beryl Say,Karachi,1991/8/3,Katherine Watson,Jl. Merdeka No 175,31710938910004,02125530079,081212330079,BerylSay@ymail.com
80,Betsey Sleeper,Muzaffarabad,1967/4/17,Joan Payne,Jl. Merdeka No 176,317105174670009,02125530080,081212330080,BetseySleeper@rocketmail.com
81,Bettina Guerrette,Muzaffarabad,1981/11/18,Mary MacLeod,Jl. Merdeka No 177,3171051811810005,02125530081,081212330081,Bettinaguerrette@gmail.com
82,Bettye Isabel,Gujranwala,1982/9/24,Jessica Ferguson,Jl. Merdeka No 178,317105249820003,02125530082,081212330082,Bettyesabel@yahoo.com
83,Bill Pilarski,Multan,1984/6/14,Victoria Nash,Jl. Merdeka No 179,317109146840003,02125530083,081212330083,BillPilarski@hotmail.com
84,Billiam Ragunawa,Bahawalpur,1981/11/15,Heather Turner,Jl. Merdeka No 180,3171031511810001,02125530084,081212330084,Billiam@ymail.com
85,Billy Chronister,Lahore,1971/12/9,Abigail Skinner,Jl. Merdeka No 181,317102912710006,02125530085,081212330085,Billyhronister@rocketmail.com
86,Billye Nettleton,Jhelum,1983/12/19,Tracey Ince,Jl. Merdeka No 182,3171061912830006,02125530086,081212330086,BillyeNettleton@gmail.com
87,Bradly Demario,Mardan,1979/6/21,Rebecca Brown,Jl. Merdeka No 183,317107216790006,02125530087,081212330087,BradlyDemario@yahoo.com
88,Brant Brwon,Islamabad,1995/7/20,Thomasina Bish,Jl. Merdeka No 184,317107207950009,02125530088,081212330088,BrantBrwon@hotmail.com
89,Brendan Brandstetter,Jhelum,1992/2/4,Marlana Ciesla,Jl. Merdeka No 185,31710742920002,02125530089,081212330089,BrendanBrandstetter@ymail.com
90,Brendon Doyel,Bahawalpur,1994/7/8,Jessica Ince,Jl. Merdeka No 186,31710987940002,02125530090,081212330090,BrendonDoyel@rocketmail.com
91,Brigid Goulet,Gujranwala,1972/9/21,Alison Poole,Jl. Merdeka No 187,317109219720003,02125530091,081212330091,BrigidGoulet@gmail.com
92,Brittny Birch,Gujranwala,1972/7/5,Carol Paterson,Jl. Merdeka No 188,31710757720005,02125530092,081212330092,BrittnyBirch@yahoo.com
93,Bryanna Dorantes,Gawadar,1973/8/14,Lisa Mathis,Jl. Merdeka No 189,317109148730004,02125530093,081212330093,BryannaDorantes@hotmail.com
94,Budi Santoso,Gujranwala,1991/8/16,Angela Dickens,Jl. Merdeka No 190,317102168910005,02125530094,081212330094,Budi@ymail.com
95,Budi Tjie,Lahore,1979/5/13,Sally Rampling,Jl. Merdeka No 191,317105135790005,02125530095,081212330095,Budi@rocketmail.com
96,Budiman Budi,Faisalabad,1979/9/4,Una Butler,Jl. Merdeka No 192,31710349790008,02125530096,081212330096,Budiman@gmail.com
97,Bunga Bumikusuma,Gawadar,1982/5/14,Rebecca Allan,Jl. Merdeka No 193,317103145820003,02125530097,081212330097,Bunga@yahoo.com
98,Burma Mejorado,Gujrat,1966/10/13,Joan Bailey,Jl. Merdeka No 194,3171091310660002,02125530098,081212330098,BurmaMejorado@hotmail.com
99,Buster Mckinney,Gawadar,1981/10/11,Hannah White,Jl. Merdeka No 195,3171041110810004,02125530099,081212330099,BusterMckinney@ymail.com
100,Calvin,Islamabad,1973/12/9,Felicity Morgan,Jl. Merdeka No 196,317108912730004,02125530100,081212330100,Calvin@rocketmail.com
101,Calvin Librana,Faisalabad,1975/8/1,Ava Knox,Jl. Merdeka No 197,31710818750004,02125530101,081212330101,Calvin@gmail.com
102,Candra Tarry,Gawadar,1992/6/8,Ava McGrath,Jl. Merdeka No 198,31710786920001,02125530102,081212330102,CandraTarry@yahoo.com
103,Carey Vina,Gawadar,1970/4/3,Victoria Ellison,Jl. Merdeka No 199,31710234700007,02125530103,081212330103,CareyVina@hotmail.com
104,Carmina Lenoir, Mirpur A.K,1967/5/11,Larhonda Abdullah,Jl. Merdeka No 200,317105115670007,02125530104,081212330104,CarminaLenoir@ymail.com
105,Carrol Fester,Bahawalpur,1965/8/24,Chloe Hughes,Jl. Merdeka No 201,317103248650006,02125530105,081212330105,CarrolFester@rocketmail.com
106,Cassy Iliff,Multan,1974/1/10,Molly Russell,Jl. Merdeka No 202,317102101740001,02125530106,081212330106,CassyIliff@gmail.com
107,Catalina Wallington,Muzaffarabad,1973/7/24,Rachel MacDonald,Jl. Merdeka No 203,317109247730001,02125530107,081212330107,CatalinaWallington@yahoo.com
108,Catarina Kerekes, Mirpur A.K,1994/9/16,Exbar Silalahi,Jl. Merdeka No 204,317102169940006,02125530108,081212330108,CatarinaKerekes@hotmail.com
109,Cedrick Stacks,Bahawalpur,1985/9/12,Samantha Mathis,Jl. Merdeka No 205,317103129850004,02125530109,081212330109,CedrickStacks@ymail.com
110,Charlena Majeed,Mardan,1986/7/12,Dorothy Dyer,Jl. Merdeka No 206,317104127860006,02125530110,081212330110,CharlenaMajeed@rocketmail.com
111,Chase Pinon,Gawadar,1967/12/27,Andrea Hamilton,Jl. Merdeka No 207,3171032712670004,02125530111,081212330111,ChasePinon@gmail.com
112,Chasidy Hammel,Gujranwala,1975/9/14,Ava MacDonald,Jl. Merdeka No 208,317102149750003,02125530112,081212330112,ChasidyHammel@yahoo.com
113,Cherelle Bleau,Gujrat,1965/6/6,Faith Walsh,Jl. Merdeka No 209,31710366650003,02125530113,081212330113,CherelleBleau@hotmail.com
114,Cherlyn Fergerson,Gawadar,1988/5/28,Alison Parr,Jl. Merdeka No 210,317105285880008,02125530114,081212330114,CherlynFergerson@ymail.com
115,Cheyenne Beall,Gawadar,1985/5/7,Maria Stewart,Jl. Merdeka No 211,31710275850004,02125530115,081212330115,CheyenneBeall@rocketmail.com
116,Chin Rosengarten,Lahore,1973/7/15,Olivia Clark,Jl. Merdeka No 212,317104157730006,02125530116,081212330116,ChinRosengarten@gmail.com
117,Chris Hedgecock,Jhelum,1968/1/24,Abigail White,Jl. Merdeka No 213,317107241680009,02125530117,081212330117,ChrisHedgecock@yahoo.com
118,Christal Hamman,Gujrat,1993/10/5,Natalie Sanderson,Jl. Merdeka No 214,317109510930004,02125530118,081212330118,ChristalHamman@hotmail.com
119,Christian Lesmana,Multan,1983/5/6,Irene Ross,Jl. Merdeka No 215,31710865830008,02125530119,081212330119,Christian@ymail.com
120,Christiani Gabriela,Gawadar,1985/8/26,Melanie Jones,Jl. Merdeka No 216,317104268850001,02125530120,081212330120,Christiani@rocketmail.com
121,Christiano Ronaldo,Jhelum,1975/7/10,Yvonne Fraser,Jl. Merdeka No 217,317107107750002,02125530121,081212330121,Christiano@gmail.com
122,Christie Garside,Muzaffarabad,1995/5/6,Olivia Abraham,Jl. Merdeka No 218,31710265950006,02125530122,081212330122,ChristieGarside@yahoo.com
123,Christina Guerrero,Gujrat,1981/3/12,Felicity Abraham,Jl. Merdeka No 219,317102123810004,02125530123,081212330123,ChristinaGuerrero@hotmail.com
124,Christoper Cristian,Mardan,1989/11/2,Bella Caroline,Jl. Tjokroaminoto AZ No 6,317109125670008,02125530124,081212330124,Christoper@ymail.com
125,Christoper Riddick,Faisalabad,1969/9/25,Jennifer Taylor,Jl. Merdeka No 221,317107259690008,02125530125,081212330125,ChristoperRiddick@rocketmail.com
126,Christopher Christian,Karachi,1989/3/1,Bella Caroline,Jl. Cokroaminoto Blok AZ No XI ,317102211890007,02134539876,089988881111,Christopherxmen@gmail.com
127,Cindy Fu,Lahore,1994/3/6,Olivia Brown,Jl. Merdeka No 223,31710163940001,02125530127,081212330127,Cindy@yahoo.com
128,Clarissa Breit,Muzaffarabad,1982/8/25,Amelia Murray,Jl. Merdeka No 224,317106258820007,02125530128,081212330128,ClarissaBreit@hotmail.com
129,Clint Dossey,Muzaffarabad,1989/3/1,Molly Mackenzie,Jl. Merdeka No 225,31710413890009,02125530129,081212330129,ClintDossey@ymail.com
130,Clint Rients,Lahore,1991/1/5,Audrey Baker,Jl. Merdeka No 226,31710451910002,02125530130,081212330130,ClintRients@rocketmail.com
131,Clint Stretch,Islamabad,1968/1/11,Elizabeth Gray,Jl. Merdeka No 227,317107111680008,02125530131,081212330131,ClintStretch@gmail.com
132,Colette Livengood,Gawadar,1983/6/1,Rose Walsh,Jl. Merdeka No 228,31710416830008,02125530132,081212330132,ColetteLivengood@yahoo.com
133,Collin Anzaldua,Hyderabad,1986/11/19,Lauren Robertson,Jl. Merdeka No 229,3171071911860003,02125530133,081212330133,CollinAnzaldua@hotmail.com
134,Cornelius Arner,Lahore,1981/2/2,Detra Rosenberry,Jl. Merdeka No 230,31710422810008,02125530134,081212330134,CorneliusArner@ymail.com
135,Cristen Goulette,Karachi,1972/4/24,Joan Hart,Jl. Merdeka No 231,317106244720001,02125530135,081212330135,CristenGoulette@rocketmail.com
136,Cristina Roman,Gawadar,1990/4/5,Lisa Carr,Jl. Merdeka No 232,31710554900004,02125530136,081212330136,CristinRoman@gmail.com
137,Crysta Hutchins,Karachi,1980/9/27,Bernadette Young,Jl. Merdeka No 233,317109279800004,02125530137,081212330137,CrystaHutchins@yahoo.com
138,Damien Hafner,Gujrat,1978/12/6,Lillian Lawrence,Jl. Merdeka No 234,317109612780008,02125530138,081212330138,DamienHafner@hotmail.com
139,Daniel Huslin,Faisalabad,1986/4/2,Irene Russell,Jl. Merdeka No 235,31710824860003,02125530139,081212330139,Daniel@ymail.com
140,Daniel Zhang,Gawadar,1992/7/24,Rebecca Powell,Jl. Merdeka No 236,317103247920001,02125530140,081212330140,Daniel@rocketmail.com
141,Daniel Sweetland,Hyderabad,1987/3/23,Lauren Jones,Jl. Merdeka No 237,317102233870001,02125530141,081212330141,DanielSweetland@gmail.com
142,Daniele Saylors,Jhelum,1988/10/14,Joan MacLeod,Jl. Merdeka No 238,3171091410880009,02125530142,081212330142,DanieleSaylors@yahoo.com
143,Danille Paulos,Gawadar,1971/2/10,Mariah Chick,Jl. Merdeka No 239,317105102710009,02125530143,081212330143,DanillePaulos@hotmail.com
144,Danna Lesh,Gawadar,1993/12/22,Ella Duncan,Jl. Merdeka No 240,3171082212930001,02125530144,081212330144,DannaLesh@ymail.com
145,Danny Narogong,Gujranwala,1971/6/25,Vanessa Hemmings,Jl. Merdeka No 241,317108256710006,02125530145,081212330145,Danny@rocketmail.com
146,Danyelle Mero,Gujranwala,1979/9/21,Olivia Fisher,Jl. Merdeka No 242,317101219790004,02125530146,081212330146,DanyelleMero@gmail.com
147,Darcel Mcintosh,Mardan,1977/1/25,Tracey MacLeod,Jl. Merdeka No 243,317102251770003,02125530147,081212330147,DarcelMcintosh@yahoo.com
148,Darcy Coach,Jhelum,1966/4/26,Wanda Cornish,Jl. Merdeka No 244,317105264660001,02125530148,081212330148,DarcyCoach@hotmail.com
149,Daren Hoops,Lahore,1988/9/23,Penelope Greene,Jl. Merdeka No 245,317104239880008,02125530149,081212330149,DarenHoops@ymail.com
150,Daria Heyman,Mardan,1985/7/15,Wendy Bohnert,Jl. Merdeka No 246,317107157850005,02125530150,081212330150,DariaHeyman@rocketmail.com
151,Darrell Bellino,Muzaffarabad,1985/3/28,Lily Vance,Jl. Merdeka No 247,317102283850006,02125530151,081212330151,DarrellBellino@gmail.com
152,Darrell Songer,Bahawalpur,1977/9/18,Yvonne Alsop,Jl. Merdeka No 248,317102189770003,02125530152,081212330152,DarrellSonger@yahoo.com
153,David Imanuel,Gujrat,1966/2/11,Joanne Tucker,Jl. Merdeka No 249,317102112660005,02125530153,081212330153,David@hotmail.com
154,Deandre Rosado,Lahore,1991/11/14,Yvonne Ball,Jl. Merdeka No 250,3171091411910003,02125530154,081212330154,DeandreRosado@ymail.com
155,Deann Maple,Bahawalpur,1966/4/25,Madeleine Cornish,Jl. Merdeka No 251,317109254660006,02125530155,081212330155,DeannMaple@rocketmail.com
156,Deanne Hoopes,Faisalabad,1971/8/10,Joan Walsh,Jl. Merdeka No 252,317109108710005,02125530156,081212330156,DeanneHoopes@gmail.com
157,Debera Ray, Mirpur A.K,1965/4/11,Molly Bell,Jl. Merdeka No 253,317102114650009,02125530157,081212330157,DeberaRay@yahoo.com
158,Deedee Koziol,Islamabad,1979/12/21,Karen Terry,Jln. Budikusuma Gg. Nuri/52,3171022112790002,02125530158,081212330158,DeedeeKoziol@hotmail.com
159,Deena Myler,Faisalabad,1974/11/2,Anne Oliver,Jln. Budikusuma Gg. Nuri/53,317107211740004,02125530159,081212330159,DeenaMyler@ymail.com
160,Deidre Stoute,Bahawalpur,1974/4/20,Stephanie Ellison,Jln. Budikusuma Gg. Nuri/54,317104204740006,02125530160,081212330160,DeidreStoute@rocketmail.com
161,Del Fiqueroa,Hyderabad,1988/3/13,Joan Tucker,Jln. Budikusuma Gg. Nuri/55,317109133880001,02125530161,081212330161,DelFiqueroa@gmail.com
162,Delana Hinkle,Gujranwala,1994/4/1,Anne Parr,Jln. Budikusuma Gg. Nuri/56,31710114940002,02125530162,081212330162,DelanaHinkle@yahoo.com
163,Delcie Siddall, Mirpur A.K,1989/1/28,Ruth Wright,Jln. Budikusuma Gg. Nuri/57,317107281890002,02125530163,081212330163,dsiddall@hotmail.com
164,Delila Tant, Mirpur A.K,1973/11/13,Alexandra Kelly,Jln. Budikusuma Gg. Nuri/58,3171011311730008,02125530164,081212330164,tantd@ymail.com
165,Delma Metoyer,Karachi,1985/2/26,Katherine Fisher,Jln. Budikusuma Gg. Nuri/59,317107262850005,02125530165,081212330165,delmam@rocketmail.com
166,Deloise Mechling,Bahawalpur,1991/8/3,Hannah Wallace,Jln. Budikusuma Gg. Nuri/60,31710438910005,02125530166,081212330166,delomec@gmail.com
167,Delpha Aronowitz,Multan,1989/4/19,Sally Paterson,Jln. Budikusuma Gg. Nuri/61,317104194890006,02125530167,081212330167,delphaaro@yahoo.com
168,Demetria Haynes,Karachi,1971/9/28,Gabrielle McGrath,Jln. Budikusuma Gg. Nuri/62,317105289710003,02125530168,081212330168,demehay@hotmail.com
169,Dexter Breuer,Islamabad,1989/4/10,Hannah Baker,Jln. Budikusuma Gg. Nuri/63,317109104890004,02125530169,081212330169,breuerd@ymail.com
170,Dhanny Gamadih,Jhelum,1991/10/24,Jennifer Mitchell,Jln. Budikusuma Gg. Nuri/64,3171052410910001,02125530170,081212330170,Gamadih@rocketmail.com
171,Dian Kusumardani,Hyderabad,1970/10/26,Anne Langdon,Jln. Budikusuma Gg. Nuri/65,3171022610700006,02125530171,081212330171,Kusumardani@gmail.com
172,Dianne Tatman,Hyderabad,1979/1/7,Emma Terry,Jln. Budikusuma Gg. Nuri/66,31710671790001,02125530172,081212330172,tatmandian@yahoo.com
173,Dick Jonathan,Gujranwala,1994/10/25,Wanda Turner,Jln. Budikusuma Gg. Nuri/67,3171092510940006,02125530173,081212330173,Jonathan@hotmail.com
174,Diedra Rustin,Mardan,1972/9/8,Ruth Bond,Jln. Budikusuma Gg. Nuri/68,31710589720004,02125530174,081212330174,dierustin@ymail.com
175,Dimas Sugiarto,Lahore,1981/8/13,Wanda Metcalfe,Jln. Budikusuma Gg. Nuri/69,317106138810009,02125530175,081212330175,Sugiarto@rocketmail.com
176,Dini Kasih,Islamabad,1991/2/28,Theresa Glover,Jln. Budikusuma Gg. Nuri/70,317108282910009,02125530176,081212330176,Kasih@gmail.com
177,Dominica Hauer,Islamabad,1985/11/17,Amanda Hunter,Jln. Budikusuma Gg. Nuri/71,3171011711850002,02125530177,081212330177,domhau@yahoo.com
178,Donette Truelove,Bahawalpur,1980/10/1,Lauren Bell,Jln. Budikusuma Gg. Nuri/72,317106110800002,02125530178,081212330178,dontrue@hotmail.com
179,Dong Kilroy,Jhelum,1987/7/22,Lashandra Furey,Jln. Budikusuma Gg. Nuri/73,317105227870001,02125530179,081212330179,donkilr@ymail.com
180,Donnetta Saldana,Muzaffarabad,1991/4/27,Abigail Lambert,Jln. Budikusuma Gg. Nuri/74,317101274910006,02125530180,081212330180,donsal@rocketmail.com
181,Donnie Boulton,Hyderabad,1968/1/3,Emma Butler,Jln. Budikusuma Gg. Nuri/75,31710931680007,02125530181,081212330181,donboult@gmail.com
182,Doria Speelman,Faisalabad,1994/2/12,Felicity Hemmings,Jln. Budikusuma Gg. Nuri/76,317107122940001,02125530182,081212330182,dorspeelm@yahoo.com
183,Dorisah,Mardan,1994/2/12,Wendy Scott,Jln. Budikusuma Gg. Nuri/77,317103122940003,02125530183,081212330183,dordoris@hotmail.com
184,Drew Diez,Hyderabad,1967/10/19,Jane Berry,Jln. Budikusuma Gg. Nuri/78,3171041910670009,02125530184,081212330184,dredi@ymail.com
185,Eartha Rivenburg,Multan,1966/10/12,Fiona Taylor,Jln. Budikusuma Gg. Nuri/79,3171011210660002,02125530185,081212330185,earriven@rocketmail.com
186,Ed Puls,Multan,1971/2/26,Tracey Coleman,Jln. Budikusuma Gg. Nuri/80,317109262710006,02125530186,081212330186,ed pu@gmail.com
187,Eddie Seidman,Mardan,1986/10/16,Megan Lawrence,Jln. Budikusuma Gg. Nuri/81,3171021610860006,02125530187,081212330187,eddseidma@yahoo.com
188,Edmond Ecton,Islamabad,1986/3/19,Wendy Clark,Jln. Budikusuma Gg. Nuri/82,317104193860005,02125530188,081212330188,edmecton@hotmail.com
189,Edmundo Duenes,Lahore,1972/3/15,Samantha Bailey,Jln. Budikusuma Gg. Nuri/83,317106153720005,02125530189,081212330189,edmduen@ymail.com
190,Edythe Conley,Gawadar,1994/12/5,Madeleine Henderson,Jln. Budikusuma Gg. Nuri/84,317105512940008,02125530190,081212330190,edyconle@rocketmail.com
191,Elfriede Bradt,Gujranwala,1982/3/9,Wendy Ogden,Jln. Budikusuma Gg. Nuri/85,31710693820006,02125530191,081212330191,elfbra@gmail.com
192,Eli Edlin,Gawadar,1983/5/20,Nicola Pullman,Jln. Budikusuma Gg. Nuri/86,317102205830009,02125530192,081212330192,eliedl@yahoo.com
193,Elidia Hage,Islamabad,1986/8/10,Pippa Walker,Jln. Budikusuma Gg. Nuri/87,317103108860008,02125530193,081212330193,eliha@hotmail.com
194,Elijah Boyce,Hyderabad,1976/1/6,Zoe Alsop,Jln. Budikusuma Gg. Nuri/88,31710161760009,02125530194,081212330194,eliboyce@ymail.com
195,Elina Ramsdell,Gawadar,1984/8/26,Theresa Alsop,Jln. Budikusuma Gg. Nuri/89,317103268840009,02125530195,081212330195,eliramsde@rocketmail.com
196,Eliz Gudino,Muzaffarabad,1985/4/27,Michelle Lawrence,Jln. Budikusuma Gg. Nuri/90,317102274850004,02125530196,081212330196,eligudi@gmail.com
197,Elizabet Bunjamin,Gujranwala,1986/5/10,Faith Poole,Jln. Budikusuma Gg. Nuri/91,317106105860008,02125530197,081212330197,Bunjamin@yahoo.com
198,Ellena Collett,Hyderabad,1979/7/22,Vanessa Simpson,Jln. Budikusuma Gg. Nuri/92,317105227790008,02125530198,081212330198,ellcolle@hotmail.com
199,Elliot Blazer,Jhelum,1991/11/20,Myrl Rase,Jln. Budikusuma Gg. Nuri/93,3171052011910001,02125530199,081212330199,ellblaze@ymail.com
200,Ellis Leavell,Jhelum,1986/10/11,Wanda Simpson,Jln. Budikusuma Gg. Nuri/94,3171031110860003,02125530200,081212330200,ellleavel@rocketmail.com
201,Ellsworth Kuchera,Hyderabad,1979/11/1,Carol Slater,Jln. Budikusuma Gg. Nuri/95,317109111790009,02125530201,081212330201,ellku@gmail.com
202,Elois Utter, Mirpur A.K,1995/11/5,Chloe Parr,Jln. Budikusuma Gg. Nuri/96,317108511950005,02125530202,081212330202,eloutt@yahoo.com
203,Eloy Valdovinos,Gujrat,1987/6/6,Rachel Short,Jln. Budikusuma Gg. Nuri/97,31710166870005,02125530203,081212330203,elovaldovi@hotmail.com
204,Elton Kagawa,Muzaffarabad,1990/2/17,Alexandra Baker,Jln. Budikusuma Gg. Nuri/98,317106172900009,02125530204,081212330204,eltshe@ymail.com
205,Emilee Sheroan,Jhelum,1989/5/21,Mary Ellison,Jln. Budikusuma Gg. Nuri/99,317104215890005,02125530205,081212330205,emilshe@rocketmail.com
206,Emilie Yamashiro,Mardan,1977/12/13,Michael Wijaya,Jln. Budikusuma Gg. Nuri/100,3171031312770008,02125530206,081212330206,emiyama@gmail.com
207,Ericka Earnhardt,Gawadar,1965/10/7,Alexandra Duncan,Jln. Budikusuma Gg. Nuri/101,317105710650006,02125530207,081212330207,ericearn@yahoo.com
208,Erik Rusli,Bahawalpur,1984/5/2,Wawa Restiani,Jln. Budikusuma Gg. Nuri/102,31710625840003,02125530208,081212330208,Rusli@hotmail.com
209,Erma Tigner,Jhelum,1993/5/12,Dorothy Forsyth,Jln. Budikusuma Gg. Nuri/103,317103125930008,02125530209,081212330209,ermatigner@ymail.com
210,Ernestine Jourdan,Jhelum,1995/4/24,Randy Susilo,Jln. Budikusuma Gg. Nuri/104,317103244950007,02125530210,081212330210,ernjou@rocketmail.com
211,Eusebia Boissonneault,Multan,1977/4/1,Kylie Parr,Jln. Budikusuma Gg. Nuri/105,31710714770001,02125530211,081212330211,eusboi@gmail.com
212,Eveline Mcfarland,Islamabad,1965/6/16,Melanie Hart,Jln. Budikusuma Gg. Nuri/106,317104166650006,02125530212,081212330212,evemcf@yahoo.com
213,Fausto Broadhurst,Lahore,1967/11/17,Vanessa Wilson,Jln. Budikusuma Gg. Nuri/107,3171021711670002,02125530213,081212330213,faubroad@hotmail.com
214,Felicitas Magby,Multan,1979/8/18,Donna Simpson,Jln. Budikusuma Gg. Nuri/108,317109188790004,02125530214,081212330214,felicmag@ymail.com
215,Felipa Bonnell,Mardan,1978/6/19,Ava Underwood,Jln. Tanjung Duren Utara 7 Gang Nuri No. 10,317104196780008,02125530215,081212330215,felipabon@rocketmail.com
216,Ferdi Fertono,Lahore,1970/12/6,David Tan,Jln. Tanjung Duren Utara 7 Gang Nuri No. 11,317101612700004,02125530216,081212330216,Fertono@gmail.com
217,Ferdi Yanto,Bahawalpur,1992/5/20,Ulil Braith,Jln. Tanjung Duren Utara 7 Gang Nuri No. 12,317102205920003,02125530217,081212330217,Yanto@yahoo.com
218,Fernandes,Karachi,1983/1/15,Pippa Brown,Jln. Tanjung Duren Utara 7 Gang Nuri No. 13,317109151830003,02125530218,081212330218,fernandes@hotmail.com
219,Florance Schneiderman,Islamabad,1971/4/8,Frida Marah,Jln. Tanjung Duren Utara 7 Gang Nuri No. 14,31710484710002,02125530219,081212330219,florance schneiderman@ymail.com
220,Florene Mendell,Multan,1981/11/8,Jan Skinner,Jln. Tanjung Duren Utara 7 Gang Nuri No. 15,317107811810008,02125530220,081212330220,flomend@rocketmail.com
221,Fredricka Bulow,Karachi,1979/3/11,Lauren Edmunds,Jln. Tanjung Duren Utara 7 Gang Nuri No. 16,317108113790002,02125530221,081212330221,fredbul@gmail.com
222,Fritz Persing,Multan,1977/1/27,Amy Baker,Jln. Tanjung Duren Utara 7 Gang Nuri No. 17,317106271770007,02125530222,081212330222,fritxpers@yahoo.com
223,Gaston French,Lahore,1987/1/11,Diana Thomson,Jln. Tanjung Duren Utara 7 Gang Nuri No. 18,317109111870002,02125530223,081212330223,gastonf@hotmail.com
224,Gearldine Feltz,Bahawalpur,1973/2/14,Tracey Randall,Jln. Tanjung Duren Utara 7 Gang Nuri No. 19,317108142730004,02125530224,081212330224,gearfelt@ymail.com
225,Geoffrey Slama,Bahawalpur,1971/2/11,Ghani Saputra,Jln. Tanjung Duren Utara 7 Gang Nuri No. 20,317105112710001,02125530225,081212330225,geoslama@rocketmail.com
226,Georgetta Snively,Faisalabad,1972/10/20,Jane MacLeod,Jln. Tanjung Duren Utara 7 Gang Nuri No. 21,3171062010720009,02125530226,081212330226,georsni@gmail.com
227,Georgiann Mccloskey,Mardan,1985/11/10,Theresa Metcalfe,Jln. Tanjung Duren Utara 7 Gang Nuri No. 22,3171041011850006,02125530227,081212330227,geormc@yahoo.com
228,Gilang Bhaskoro,Gujranwala,1988/2/7,Marini Sinetra,Jln. Tanjung Duren Utara 7 Gang Nuri No. 23,31710572880001,02125530228,081212330228,Bhaskoro@hotmail.com
229,Gisele Goods,Gujrat,1983/9/2,Carolyn Lambert,Jln. Tanjung Duren Utara 7 Gang Nuri No. 24,31710929830004,02125530229,081212330229,giselegoods@ymail.com
230,Golden Corona,Jhelum,1991/9/28,Senna Stephanie,Jln. Tanjung Duren Utara 7 Gang Nuri No. 25,317101289910001,02125530230,081212330230,goldencoronaa@rocketmail.com
231,Gracia Sumendap,Faisalabad,1989/12/9,Amelia Ross,Jln. Tanjung Duren Utara 7 Gang Nuri No. 26,317104912890007,02125530231,081212330231,Sumendap@gmail.com
232,Gretchen Hayter,Islamabad,1965/7/19,Una Russell,Jln. Tanjung Duren Utara 7 Gang Nuri No. 27,317108197650003,02125530232,081212330232,grethay@yahoo.com
233,Hadiman Kurniawan,Gujranwala,1968/8/7,Jeffrey Putra,Jln. Tanjung Duren Utara 7 Gang Nuri No. 28,31710778680002,02125530233,081212330233,Kurniawan@hotmail.com
234,Haley Hieber,Islamabad,1984/3/4,Carol Quinn,Jln. Tanjung Duren Utara 7 Gang Nuri No. 29,31710543840002,02125530234,081212330234,halhie@ymail.com
235,Halina Gillette,Multan,1995/3/22,Caroline Hughes,Jln. Tanjung Duren Utara 7 Gang Nuri No. 30,317101223950009,02125530235,081212330235,halgil@rocketmail.com
236,Han Tooker,Muzaffarabad,1988/11/13,Mary Ferguson,Jln. Tanjung Duren Utara 7 Gang Nuri No. 31,3171081311880009,02125530236,081212330236,hantoo@gmail.com
237,Hanni Tjokro, Mirpur A.K,1988/8/5,Indrawan,Jln. Tanjung Duren Utara 7 Gang Nuri No. 32,31710558880005,02125530237,081212330237,Tjokro@yahoo.com
238,Hansen Perdana, Mirpur A.K,1979/9/27,Putra Dewa,Jln. Tanjung Duren Utara 7 Gang Nuri No. 33,317101279790007,02125530238,081212330238,Perdana@hotmail.com
239,Hazel Bettinger,Lahore,1989/6/28,Kimberly Simpson,Jln. Tanjung Duren Utara 7 Gang Nuri No. 34,317105286890006,02125530239,081212330239,hazbet@ymail.com
240,Heather Hecht,Lahore,1982/9/22,Emily Davies,Jln. Tanjung Duren Utara 7 Gang Nuri No. 35,317109229820007,02125530240,081212330240,heathect@rocketmail.com
241,Heather Hostetler,Hyderabad,1987/7/26,Lisa Ferguson,Jln. Tanjung Duren Utara 7 Gang Nuri No. 36,317108267870009,02125530241,081212330241,jeathost@gmail.com
242,Heather Sayles,Gujranwala,1979/2/22,Molly Dyer,Jln. Tanjung Duren Utara 7 Gang Nuri No. 37,317105222790006,02125530242,081212330242,heatsayl@yahoo.com
243,Heidy Shipley,Faisalabad,1990/1/5,Audrey Newman,Jln. Tanjung Duren Utara 7 Gang Nuri No. 38,31710151900002,02125530243,081212330243,heiship@hotmail.com
244,Hendra Mulianto,Lahore,1971/5/21,Rama Dewa,Jln. Tanjung Duren Utara 7 Gang Nuri No. 39,317106215710005,02125530244,081212330244,Mulianto@ymail.com
245,Hendro ,Hyderabad,1983/6/12,Dhanny Saputra,Jln. Tanjung Duren Utara 7 Gang Nuri No. 40,317105126830005,02125530245,081212330245,hendro@rocketmail.com
246,Herman Stowers,Islamabad,1968/3/21,Georgia Waye,Jln. Tanjung Duren Utara 7 Gang Nuri No. 41,317105213680001,02125530246,081212330246,hermans@gmail.com
247,Hermanus Wilson,Multan,1976/7/6,Lili Wiliani,Jln. Tanjung Duren Utara 7 Gang Nuri No. 42,31710367760005,02125530247,081212330247,Wilson@yahoo.com
248,Hiroko Galban,Lahore,1994/6/20,Ani Budiono,Jln. Tanjung Duren Utara 7 Gang Nuri No. 43,317102206940005,02125530248,081212330248,hirokog@hotmail.com
249,Homer Alvidrez,Islamabad,1987/11/19,Victoria Dowd,Jln. Tanjung Duren Utara 7 Gang Nuri No. 44,3171021911870001,02125530249,081212330249,homera@ymail.com
250,Hortencia Bassler,Gawadar,1993/4/28,Hannah Vaughan,Jln. Tanjung Duren Utara 7 Gang Nuri No. 45,317108284930001,02125530250,081212330250,horbass@rocketmail.com
251,Hugo Dube,Mardan,1984/6/21,Joanne Berry,Jln. Tanjung Duren Utara 7 Gang Nuri No. 46,317107216840007,02125530251,081212330251,dubeh@gmail.com
252,Hunter Yanez, Mirpur A.K,1994/12/25,Sophie Rampling,Jln. Tanjung Duren Utara 7 Gang Nuri No. 47,3171052512940006,02125530252,081212330252,huntery@yahoo.com
253,Hyman Voll,Gawadar,1976/4/18,Una Kerr,Jln. Tanjung Duren Utara 7 Gang Nuri No. 48,317101184760001,02125530253,081212330253,vollh@hotmail.com
254,Ian Leland,Islamabad,1990/10/5,Adelle Linderman,Jln. Tanjung Duren Utara 7 Gang Nuri No. 49,317105510900003,02125530254,081212330254,lelandian@ymail.com
255,Ignacio Lasch,Gujrat,1988/7/25,Grace Hunter,Jln. Tanjung Duren Utara 7 Gang Nuri No. 50,317105257880005,02125530255,081212330255,ignaciol@rocketmail.com
256,Ilda Oba,Lahore,1979/12/21,Angela Ogden,Jln. Tanjung Duren Utara 7 Gang Nuri No. 51,3171062112790002,02125530256,081212330256,ildaoba@gmail.com
257,Ilona Noriega,Faisalabad,1972/4/3,Samantha Ferguson,Jln. Tanjung Duren Utara 7 Gang Nuri No. 52,31710734720008,02125530257,081212330257,ilonan@yahoo.com
258,Indra Lesmana,Gawadar,1973/8/18,Penelope Mills,Jln. Tanjung Duren Utara 7 Gang Nuri No. 53,317102188730006,02125530258,081212330258,Lesmana@hotmail.com
259,Indra Pratama,Muzaffarabad,1992/6/12,Yvonne Burgess,Jln. Tanjung Duren Utara 7 Gang Nuri No. 54,317108126920001,02125530259,081212330259,Pratama@ymail.com
260,Ingeborg Boylan,Multan,1974/11/14,Anna Lee,Jln. Tanjung Duren Utara 7 Gang Nuri No. 55,3171051411740006,02125530260,081212330260,iboy@rocketmail.com
261,Ione Timmons,Lahore,1981/7/21,Megan Springer,Jln. Tanjung Duren Utara 7 Gang Nuri No. 56,317109217810008,02125530261,081212330261,itim@gmail.com
262,Ira Anstine, Mirpur A.K,1987/2/17,Rose May,Jln. Tanjung Duren Utara 7 Gang Nuri No. 57,317107172870005,02125530262,081212330262,iani@yahoo.com
263,Irene Andriani,Faisalabad,1984/6/10,Lauren Campbell,Jln. Tanjung Duren Utara VII Gang Nuri No. 58,317107106840004,02125530263,081212330263,Andriani@hotmail.com
264,Irving Schiefelbein,Karachi,1971/6/15,Leah Howard,Jln. Tanjung Duren Utara 7 Gang Nuri No. 59,317104156710007,02125530264,081212330264,aivs@ymail.com
265,Isaac Mechling,Islamabad,1990/9/8,Leana Blume,Jln. Tanjung Duren Utara 7 Gang Nuri No. 60,31710389900002,02125530265,081212330265,isaccm@rocketmail.com
266,Isabelle Walczak,Mardan,1995/5/28,Mary Graham,Jln. Tanjung Duren Utara 7 Gang Nuri No. 61,317105285950008,02125530266,081212330266,isaw@gmail.com
267,Ivory Quincy,Karachi,1975/8/24,Rosy Harkey,Jln. Tanjung Duren Utara 7 Gang Nuri No. 62,317103248750004,02125530267,081212330267,iq@yahoo.com
268,Jacelyn Meredith,Gujrat,1969/7/7,Sally Morrison,Jln. Tanjung Duren Utara 7 Gang Nuri No. 63,31710877690003,02125530268,081212330268,jm@hotmail.com
269,Jackelyn Ditmore,Gawadar,1995/5/10,Samantha Fraser,Jln. Tanjung Duren Utara 7 Gang Nuri No. 64,317101105950003,02125530269,081212330269,jd@ymail.com
270,Jackie Dines,Gujrat,1992/3/27,Wendi Pereda,Jln. Tanjung Duren Utara 7 Gang Nuri No. 65,317106273920003,02125530270,081212330270,jackd@rocketmail.com
271,Jacques Wohlford,Gujrat,1977/2/28,Michelle Robertson,Jln. Tanjung Duren Utara 7 Gang Nuri No. 66,317104282770004,02125530271,081212330271,jw@gmail.com
272,Jada Frances,Multan,1990/8/20,Pippa Morgan,Jln. Tanjung Duren Utara 7 Gang Nuri No. 67,317105208900002,02125530272,081212330272,jf@yahoo.com
273,Jamal Mishler,Jhelum,1970/8/21,Stephanie Thomson,Jln. Tanjung Duren Utara 7 Gang Nuri No. 68,317104218700003,02125530273,081212330273,jmis@hotmail.com
274,Jame Sosnowski,Gawadar,1974/1/2,Alison Kovach,Jln. Tanjung Duren Utara 7 Gang Nuri No. 69,31710921740001,02125530274,081212330274,jsos@ymail.com
275,James Smith,Hyderabad,1985/11/25,Caroline Forsyth,Jln. Tanjung Duren Utara 7 Gang Nuri No. 70,3171082511850006,02125530275,081212330275,Smith@rocketmail.com
276,Janeen Koger,Mardan,1972/2/13,Dorothy Bond,Jln. Tanjung Duren Utara 7 Gang Nuri No. 71,317105132720009,02125530276,081212330276,jkog@gmail.com
277,Janene Tokarz,Jhelum,1968/6/4,Michelle Chapman,Jln. Tanjung Duren Utara 7 Gang Nuri No. 72,31710346680004,02125530277,081212330277,jtok@yahoo.com
278,Janice Smith,Karachi,1987/9/28,Leah Harris,Jln. Tanjung Duren Utara 7 Gang Nuri No. 73,317102289870003,02125530278,081212330278,Smith@hotmail.com
279,Jansen Tjong,Jhelum,1992/3/20,Leah Johnston,Jln. Tanjung Duren Utara 7 Gang Nuri No. 74,317104203920004,02125530279,081212330279,Tjong@ymail.com
280,Jasmine Parenti, Mirpur A.K,1967/3/13,Amy Robertson,Jln. Tanjung Duren Utara 7 Gang Nuri No. 75,317103133670008,02125530280,081212330280,jasp@rocketmail.com
281,Jay Budd,Gujrat,1989/1/7,Olivia Poole,Jln. Tanjung Duren Utara 7 Gang Nuri No. 76,31710871890002,02125530281,081212330281,jbudd@gmail.com
282,Jayson Grossi,Gujranwala,1990/8/12,Angeles Breda,Jln. Tanjung Duren Utara 7 Gang Nuri No. 77,317106128900009,02125530282,081212330282,jgross@yahoo.com
283,Jeane Thurmon,Mardan,1972/9/5,Angela Kelly,Jln. Tanjung Duren Utara 7 Gang Nuri No. 78,31710559720009,02125530283,081212330283,jthur@hotmail.com
284,Jeanette Swift,Gujrat,1990/10/22,Sonia Buckland,Jln. Tanjung Duren Utara 7 Gang Nuri No. 79,3171072210900002,02125530284,081212330284,jswift@ymail.com
285,Jefferson Friley,Jhelum,1966/3/3,Bess Beard,Jln. Tanjung Duren Utara 7 Gang Nuri No. 80,31710533660006,02125530285,081212330285,jfril@rocketmail.com
286,Jeffery Rouleau,Jhelum,1981/1/17,Ruth Langdon,Jln. Tanjung Duren Utara 7 Gang Nuri No. 81,317104171810007,02125530286,081212330286,jrou@gmail.com
287,Jeniffer Jessica,Islamabad,1965/12/23,Carolyn White,Jln. Tanjung Duren Utara 7 Gang Nuri No. 82,3171052312650004,02125530287,081212330287,Jjessica@yahoo.com
288,Jenna Loera,Karachi,1972/6/15,Stephanie Nolan,Jln. Tanjung Duren Utara 7 Gang Nuri No. 83,317109156720005,02125530288,081212330288,jeel@hotmail.com
289,Jenniffer Blackwell,Gujrat,1986/12/26,Diane Parr,Jln. Tanjung Duren Utara 7 Gang Nuri No. 84,3171052612860004,02125530289,081212330289,jblack@ymail.com
290,Jerrod Snider,Jhelum,1991/6/8,Joanne Chapman,Jln. Tanjung Duren Utara 7 Gang Nuri No. 85,31710486910006,02125530290,081212330290,jersnid@rocketmail.com
291,Jerry Gemmill,Muzaffarabad,1993/5/1,Ardelle Franz,Jln. Tanjung Duren Utara 7 Gang Nuri No. 86,31710815930006,02125530291,081212330291,jergem@gmail.com
292,Jessia Moy,Gujranwala,1970/1/28,Katherine Duncan,Jln. Tanjung Duren Utara 7 Gang Nuri No. 87,317108281700009,02125530292,081212330292,jesmoy@yahoo.com
293,Jessika Lucey,Muzaffarabad,1977/3/5,Melanie Manning,Jln. Tanjung Duren Utara 7 Gang Nuri No. 88,31710653770008,02125530293,081212330293,jessluc@hotmail.com
294,Joannie Jared,Faisalabad,1983/8/26,Heather Burgess,Jln. Tanjung Duren Utara 7 Gang Nuri No. 89,317103268830009,02125530294,081212330294,jojar@ymail.com
295,Joaquin Yunker,Gawadar,1986/9/1,Renetta Buchannon,Jln. Tanjung Duren Barat IX No 900,31710919860006,02125530295,081212330295,joayun@rocketmail.com
296,Johnny Glickman,Islamabad,1989/4/2,Jennifer Ellison,Jln. Tanjung Duren Barat IX No 901,31710124890002,02125530296,081212330296,johnglick@gmail.com
297,Jonna Rabalais,Mardan,1970/6/9,Vanessa Chapman,Jln. Tanjung Duren Barat IX No 902,31710196700002,02125530297,081212330297,jonrab@yahoo.com
298,Jordan Spargo,Bahawalpur,1980/6/18,Chloe Dickens,Jln. Tanjung Duren Barat IX No 903,317101186800005,02125530298,081212330298,jordansparg@hotmail.com
299,Josefina Kiel,Faisalabad,1968/6/6,Caroline Dickens,Jln. Tanjung Duren Barat IX No 904,31710366680003,02125530299,081212330299,josekiel@ymail.com
300,Joseph Phenix, Mirpur A.K,1984/2/26,Fiona Lee,Jln. Tanjung Duren Barat IX No 905,317109262840009,02125530300,081212330300,jospep@rocketmail.com
301,Jovan Blakeley,Bahawalpur,1966/4/22,Virginia Baker,Jln. Tanjung Duren Barat IX No 906,317104224660007,02125530301,081212330301,jobla@gmail.com
302,Joy Korando, Mirpur A.K,1972/3/18,Andrea Kerr,Jln. Tanjung Duren Barat IX No 907,317103183720008,02125530302,081212330302,joko@yahoo.com
303,Juana Toupin,Mardan,1981/8/21,Ruth Lee,Jln. Tanjung Duren Barat IX No 908,317104218810009,02125530303,081212330303,jutou@hotmail.com
304,Jules Locke,Lahore,1993/3/26,Diane Vance,Jln. Tanjung Duren Barat IX No 909,317103263930001,02125530304,081212330304,jlock@ymail.com
305,Juliana Villa,Jhelum,1981/5/20,Emma Harris,Jln. Tanjung Duren Barat IX No 910,317102205810004,02125530305,081212330305,viljul@rocketmail.com
306,Justine Raymer,Gujranwala,1985/11/13,Claire Henderson,Jln. Tanjung Duren Barat IX No 911,3171071311850004,02125530306,081212330306,rayjus@gmail.com
307,Kandis Glynn,Gujrat,1989/9/7,Diana Walker,Jln. Tanjung Duren Barat IX No 912,31710479890002,02125530307,081212330307,glynkand@yahoo.com
308,Kara Hutchcraft, Mirpur A.K,1989/11/18,Madeleine Morgan,Jln. Tanjung Duren Barat IX No 913,3171031811890002,02125530308,081212330308,kh@hotmail.com
309,Karen Love,Jhelum,1970/3/5,Audrey Hughes,Jln. Tanjung Duren Barat IX No 914,31710353700003,02125530309,081212330309,Love@ymail.com
310,Karla Burgett,Bahawalpur,1981/6/5,Claire McDonald,Jln. Tanjung Duren Barat IX No 915,31710356810002,02125530310,081212330310,kb@rocketmail.com
311,Karlene Gum,Gujrat,1977/3/17,Bernadette Fisher,Jln. Tanjung Duren Barat IX No 916,317104173770005,02125530311,081212330311,kg@gmail.com
312,Karry Parten,Lahore,1986/8/18,Lillian Vaughan,Jln. Tanjung Duren Barat IX No 917,317102188860009,02125530312,081212330312,kp@yahoo.com
313,Kassie Griese,Bahawalpur,1979/4/8,Alexandra North,Jln. Tanjung Duren Barat IX No 918,31710384790008,02125530313,081212330313,kgriese@hotmail.com
314,Katelynn Duffer,Karachi,1976/2/11,Pippa Henderson,Jln. Tanjung Duren Barat IX No 919,317103112760006,02125530314,081212330314,kdu@ymail.com
315,Kathi Morocco,Hyderabad,1981/12/17,Megan Quinn,Jln. Tanjung Duren Barat IX No 920,3171011712810007,02125530315,081212330315,kamo@rocketmail.com
316,Kathline Hughey,Gawadar,1972/3/20,Diane Sutherland,Jln. Tanjung Duren Barat IX No 921,317102203720001,02125530316,081212330316,kahu@gmail.com
317,Katia Cota,Muzaffarabad,1974/11/14,Jan Edmunds,Jln. Tanjung Duren Barat IX No 922,3171081411740006,02125530317,081212330317,kaco@yahoo.com
318,Kay Hipple,Lahore,1991/12/3,Andrea Cameron,Jln. Tanjung Duren Barat IX No 923,317103312910007,02125530318,081212330318,kayh@hotmail.com
319,Kenny Antoni,Multan,1995/7/21,Bella Ferguson,Jln. Tanjung Duren Barat IX No 924,317101217950001,02125530319,081212330319,Antoni@ymail.com
320,Kerrie Wensel,Gawadar,1965/1/25,Bella Turner,Jln. Tanjung Duren Barat IX No 925,317103251650003,02125530320,081212330320,kw@rocketmail.com
321,Keven Doke,Gawadar,1982/6/18,Rebecca Black,Jln. Tanjung Duren Barat IX No 926,317104186820001,02125530321,081212330321,kdu@gmail.com
322,Kevin Kurniadi,Hyderabad,1985/5/17,Kylie Walsh,Jln. Tanjung Duren Barat IX No 927,317101175850004,02125530322,081212330322,Kurniadi@yahoo.com
323,Kianto Budianto, Mirpur A.K,1970/3/22,Michelle Marshall,Jln. Tanjung Duren Barat IX No 928,317102223700009,02125530323,081212330323,Budianto@hotmail.com
324,Kori Taft,Karachi,1979/9/28,Irene Ogden,Jln. Tanjung Duren Barat IX No 929,317107289790009,02125530324,081212330324,ktaft@ymail.com
325,Krysta Mcclellan,Gujrat,1986/8/4,Olivia Fraser,Jln. Tanjung Duren Barat IX No 930,31710348860008,02125530325,081212330325,Fraser@rocketmail.com
326,Krystin Luczak,Islamabad,1993/7/28,Andrea Abraham,Jln. Tanjung Duren Barat IX No 931,317102287930008,02125530326,081212330326,Abraham@gmail.com
327,Kyla Seay,Muzaffarabad,1985/8/3,Karen Hemmings,Jln. Tanjung Duren Barat IX No 932,31710738850002,02125530327,081212330327,Hemmings@yahoo.com
328,Kyra Lautenschlage,Gujranwala,1978/2/22,Molly Hemmings,Jln. Tanjung Duren Barat IX No 933,317102222780009,02125530328,081212330328,Hemmings@hotmail.com
329,Lakeisha Tibbles,Karachi,1974/4/23,Jasmine Scott,Jln. Tanjung Duren Barat IX No 934,317104234740009,02125530329,081212330329,Scott@ymail.com
330,Lakesha Wilson,Gujranwala,1995/11/11,Sophie Brown,Jln. Tanjung Duren Barat IX No 935,3171051111950002,02125530330,081212330330,Brown@rocketmail.com
331,Lakia Wetherell,Islamabad,1988/8/13,Chloe Burgess,Jln. Tanjung Duren Barat IX No 936,317105138880007,02125530331,081212330331,Burgess@gmail.com
332,Lana Christiani,Gawadar,1975/10/13,Melanie Cameron,Jln. Tanjung Duren Barat IX No 937,3171041310750009,02125530332,081212330332,Cameron@yahoo.com
333,Larhonda Trembley,Lahore,1971/11/20,Madeleine Davies,Jln. Tanjung Duren Barat IX No 938,3171082011710008,02125530333,081212330333,Davies@hotmail.com
334,Lashonda Mendelsohn,Gawadar,1966/6/7,Wendy Wilson,Jln. Tanjung Duren Barat IX No 939,31710176660003,02125530334,081212330334,Wilson@ymail.com
335,Latina Bibb,Islamabad,1981/7/25,Melanie Walker,Jln. Tanjung Duren Barat IX No 940,317104257810007,02125530335,081212330335,Walker@rocketmail.com
336,Latricia Wyble,Multan,1966/3/1,Sue Gray,Jln. Tanjung Duren Barat IX No 941,31710713660002,02125530336,081212330336,Gray@gmail.com
337,Launa Luk,Gawadar,1981/8/25,Carol Stewart,Jln. Tanjung Duren Barat IX No 942,317101258810001,02125530337,081212330337,Stewart@yahoo.com
338,Lauren Aybar,Jhelum,1974/9/27,Joanne White,Jln. Tanjung Duren Barat IX No 943,317101279740005,02125530338,081212330338,White@hotmail.com
339,Lauri Claussen,Lahore,1984/5/4,Kimberly Carr,Jln. Tanjung Duren Barat IX No 944,31710145840008,02125530339,081212330339,Carr@ymail.com
340,Lea Mccall,Lahore,1969/5/14,Deadra Judah,Jln. Tanjung Duren Barat IX No 945,317101145690004,02125530340,081212330340,Morgan@rocketmail.com
341,Lenny Kirts,Islamabad,1970/7/5,Anne Morgan,Jln. Tanjung Duren Barat IX No 946,31710757700007,02125530341,081212330341,Kasim@gmail.com
342,Lenore Rines,Lahore,1985/10/3,Oscar Kasim,Jln. Tanjung Duren Barat IX No 947,317108310850006,02125530342,081212330342,Campbell@yahoo.com
343,Leonia Schall,Mardan,1979/9/24,Grace Campbell,Jln. Tanjung Duren Barat IX No 948,317109249790008,02125530343,081212330343,Thomson@hotmail.com
344,Leontine Canterbury,Hyderabad,1992/11/26,Amanda Thomson,Jln. Tanjung Duren Barat IX No 949,3171092611920004,02125530344,081212330344,Morgan@ymail.com
345,Leopoldo Helper,Jhelum,1975/2/17,Claire Morgan,Jln. Tanjung Duren Barat IX No 950,317107172750009,02125530345,081212330345,Clarkson@rocketmail.com
346,Leora Freiberg,Gawadar,1990/11/21,Alexandra Clarkson,Jln. Tanjung Duren Barat IX No 951,3171092111900004,02125530346,081212330346,White@gmail.com
347,Leora Kline,Gujrat,1988/9/26,Anne White,Jln. Tanjung Duren Barat IX No 952,317109269880007,02125530347,081212330347,Hughes@yahoo.com
348,Leota Clatterbuck,Bahawalpur,1994/7/6,Hannah Hughes,Jln. Tanjung Duren Barat IX No 953,31710167940006,02125530348,081212330348,Bond@hotmail.com
349,Lesia Gahagan, Mirpur A.K,1979/8/18,Emma Bond,Jln. Tanjung Duren Barat IX No 954,317109188790007,02125530349,081212330349,Harris@ymail.com
350,Lili Hughs,Gujrat,1983/2/13,Audrey Harris,Jln. Tanjung Duren Barat IX No 955,317103132830003,02125530350,081212330350,Ince@rocketmail.com
351,Lilliana Inks, Mirpur A.K,1981/11/9,Alison Ince,Jln. Tanjung Duren Barat IX No 956,317109911810008,02125530351,081212330351,Knox@gmail.com
352,Lily Mendes,Gujranwala,1991/3/8,Claire Knox,Jln. Tanjung Duren Barat IX No 957,31710583910007,02125530352,081212330352,Alsop@yahoo.com
353,Lin Axelrod,Lahore,1984/3/9,Rebecca Alsop,Jln. Tanjung Duren Barat IX No 958,31710693840008,02125530353,081212330353,Dyer@hotmail.com
354,Lindsay Wisecup,Lahore,1967/10/7,Hannah Dyer,Jln. Tanjung Duren Barat IX No 959,317103710670007,02125530354,081212330354,Piper@ymail.com
355,Linh Book,Gujranwala,1985/9/2,Leah Piper,Jln. Tanjung Duren Barat IX No 960,31710429850008,02125530355,081212330355,Roberts@rocketmail.com
356,Lino Vena,Faisalabad,1989/4/15,Theresa Roberts,Jln. Tanjung Duren Barat IX No 961,317102154890009,02125530356,081212330356,Gray@gmail.com
357,Lisbeth Flegle,Hyderabad,1989/5/21,Hermina Cockrell,Jln. Tanjung Duren Barat IX No 962,317106215890004,02125530357,081212330357,Stewart@yahoo.com
358,Lizabeth Pearsall,Gujrat,1971/8/27,Carolyn Gray,Jln. Tanjung Duren Barat IX No 963,317102278710005,02125530358,081212330358,Metcalfe@hotmail.com
359,Loan Mitschke,Muzaffarabad,1995/6/18,Rachel Stewart,Jln. Tanjung Duren Barat IX No 964,317108186950008,02125530359,081212330359,Turner@ymail.com
360,Logan Waltz,Multan,1985/9/21,Easter Leighty,Jl Medan Merdeka Barat No. 43,317105219850009,02125530360,081212330360,Davies@rocketmail.com
361,Lolita Rocha,Faisalabad,1973/6/14,Hannah Mackenzie,Jl Medan Merdeka Barat No. 44,317102146730005,02125530361,081212330361,Metcalfe@gmail.com
362,Lonnie Overland,Islamabad,1979/5/6,Renate Dagostino,Jl Medan Merdeka Barat No. 45,31710565790004,02125530362,081212330362,Churchill@yahoo.com
363,Lonnie Prevost,Karachi,1976/8/8,Carolyn Bailey,Jl Medan Merdeka Barat No. 46,31710388760005,02125530363,081212330363,Morgan@hotmail.com
364,Loren Edlund,Islamabad,1995/9/1,Lily Stewart,Jl Medan Merdeka Barat No. 47,31710319950008,02125530364,081212330364,Vance@ymail.com
365,Lorenzo Vannote,Lahore,1979/8/16,Chieko Epp,Jl Medan Merdeka Barat No. 48,317106168790008,02125530365,081212330365,Dowd@rocketmail.com
366,Lorette Morena,Gujranwala,1973/5/17,Gabrielle Metcalfe,Jalan Polris Komp. Griya Asri / XI /12,317109175730001,02125530366,081212330366,Ince@gmail.com
367,Lorina Damore,Faisalabad,1988/9/4,Irene Turner,Jalan Polris Komp. Griya Asri / XI /13,31710549880006,02125530367,081212330367,Lawrence@yahoo.com
368,Lourie Fluke,Karachi,1991/9/13,Sophie Davies,Jalan Polris Komp. Griya Asri / XI /14,317109139910001,02125530368,081212330368,Duncan@hotmail.com
369,Lucas Cusimano,Gawadar,1974/1/17,Chloe Metcalfe,Jalan Polris Komp. Griya Asri / XI /15,317106171740002,02125530369,081212330369,Murray@ymail.com
370,Lucilla Kyllonen,Karachi,1994/4/8,Ella Churchill,Jalan Polris Komp. Griya Asri / XI /16,31710784940005,02125530370,081212330370,Hart@rocketmail.com
371,Luigi Skeete,Jhelum,1966/6/3,Irene Morgan,Jalan Polris Komp. Griya Asri / XI /17,31710936660003,02125530371,081212330371,Ogden@gmail.com
372,Lynetta Methvin,Gawadar,1981/5/21,Andrea Vance,Jalan Polris Komp. Griya Asri / XI /18,317101215810001,02125530372,081212330372,Wilkins@yahoo.com
373,Lynne Stonebraker,Hyderabad,1969/5/11,Wanda Dowd,Jalan Polris Komp. Griya Asri / XI /19,317105115690001,02125530373,081212330373,Powell@hotmail.com
374,Madonna Troester,Jhelum,1969/6/21,Vanessa Ince,Jalan Polris Komp. Griya Asri / XI /20,317102216690006,02125530374,081212330374,Harris@ymail.com
375,Malia Kazmierczak,Gawadar,1966/1/19,Ava Lawrence,Jalan Polris Komp. Griya Asri / XI /21,317109191660003,02125530375,081212330375,Allan@rocketmail.com
376,Mamie Barriga,Hyderabad,1968/4/12,Michelle Duncan,Jalan Polris Komp. Griya Asri / XI /22,317103124680001,02125530376,081212330376,Ogden@gmail.com
377,Manual Mercado,Bahawalpur,1995/6/10,Bernadette Murray,Jalan Polris Komp. Griya Asri / XI /23,317106106950006,02125530377,081212330377,Terry@yahoo.com
378,Maple Sherer,Lahore,1985/11/9,Maria Hart,Jalan Polris Komp. Griya Asri / XI /24,317105911850007,02125530378,081212330378,Metcalfe@hotmail.com
379,Margarita Pae,Muzaffarabad,1987/9/9,Ruth Ogden,Jalan Polris Komp. Griya Asri / XI /25,31710899870008,02125530379,081212330379,Glover@ymail.com
380,Margery Trahan,Bahawalpur,1990/11/7,Amanda Wilkins,Jalan Polris Komp. Griya Asri / XI /26,317109711900001,02125530380,081212330380,Lee@rocketmail.com
381,Mariella Tostado,Jhelum,1975/8/13,Zoe Powell,Jalan Polris Komp. Griya Asri / XI /27,317102138750004,02125530381,081212330381,Miller@gmail.com
382,Mario Orlando,Faisalabad,1991/9/7,Faith Harris,Jalan Polris Komp. Griya Asri / XI /28,31710679910005,02125530382,081212330382,Alsop@yahoo.com
383,Mario Guillen,Bahawalpur,1978/11/6,Tracey Allan,Jalan Polris Komp. Griya Asri / XI /29,317105611780005,02125530383,081212330383,Walsh@hotmail.com
384,Marissa Salguero, Mirpur A.K,1989/11/21,Leah Ogden,Jalan Polris Komp. Griya Asri / XI /30,3171052111890001,02125530384,081212330384,Springer@ymail.com
385,Marlena Slavin,Muzaffarabad,1980/3/2,Maria Terry,Jalan Polris Komp. Griya Asri / XI /31,31710323800005,02125530385,081212330385,Welch@rocketmail.com
386,Martin Sintarius,Multan,1970/11/26,Melanie Metcalfe,Jalan Polris Komp. Griya Asri / XI /32,3171032611700009,02125530386,081212330386,Harris@gmail.com
387,Maryalice Kidder,Multan,1974/4/19,Rachel Glover,Jalan Polris Komp. Griya Asri / XI /33,317106194740005,02125530387,081212330387,Hardacre@yahoo.com
388,Maryln Cottman,Gujrat,1983/1/1,Emily Lee,Jalan Polris Komp. Griya Asri / XI /34,31710511830001,02125530388,081212330388,Arnold@hotmail.com
389,Maybell Lamers,Muzaffarabad,1976/9/1,Jane Miller,Jalan Polris Komp. Griya Asri / XI /35,31710819760005,02125530389,081212330389,Murray@ymail.com
390,Mazie Myron,Muzaffarabad,1977/7/2,Faith Alsop,Jalan Polris Komp. Griya Asri / XI /36,31710627770002,02125530390,081212330390,Oliver@rocketmail.com
391,Melodi Karnes,Islamabad,1980/10/21,Julia Walsh,Jalan Polris Komp. Griya Asri / XI /37,3171022110800003,02125530391,081212330391,Russell@gmail.com
392,Melvina Trudeau,Faisalabad,1978/4/25,Olivia Springer,Jalan Polris Komp. Griya Asri / XI /38,317104254780009,02125530392,081212330392,Lee@yahoo.com
393,Meredith Knerr,Karachi,1984/8/23,Chloe Welch,Jalan Polris Komp. Griya Asri / XI /39,317101238840002,02125530393,081212330393,Knox@hotmail.com
394,Meri Godbolt,Gujrat,1977/4/11,Felicity Harris,Jalan Polris Komp. Griya Asri / XI /40,317107114770001,02125530394,081212330394,Lewis@ymail.com
395,Merlene Shirey, Mirpur A.K,1965/10/16,Rachel Hardacre,Jalan Polris Komp. Griya Asri / XI /41,3171061610650002,02125530395,081212330395,Gibson@rocketmail.com
396,Merry Sumrall,Muzaffarabad,1979/3/14,Jennifer Arnold,Jalan Polris Komp. Griya Asri / XI /42,317105143790001,02125530396,081212330396,Dowd@gmail.com
397,Michaele Gunther,Faisalabad,1983/3/21,Deirdre Murray,Jalan Polris Komp. Griya Asri / XI /43,317109213830006,02125530397,081212330397,Paterson@yahoo.com
398,Mikel Boulter,Jhelum,1990/5/6,Rebecca Oliver,Jalan Polris Komp. Griya Asri / XI /44,31710465900005,02125530398,081212330398,Mitchell@hotmail.com
399,Mikel Raasch,Karachi,1967/6/2,Sue Russell,Jalan Polris Komp. Griya Asri / XI /45,31710826670006,02125530399,081212330399,Duncan@ymail.com
400,Milissa Lozier,Hyderabad,1968/11/17,Katherine Lee,Jalan Polris Komp. Griya Asri / XI /46,3171021711680003,02125530400,081212330400,Mackenzie@rocketmail.com
401,Millard Comes,Gujrat,1980/9/9,Rachele Light,Jalan Polris Komp. Griya Asri / XI /47,31710499800002,02125530401,081212330401,Payne@gmail.com
402,Mitsue Whitehair,Gawadar,1988/10/18,Jane Knox,Jalan Polris Komp. Griya Asri / XI /48,3171011810880001,02125530402,081212330402,Mathis@yahoo.com
403,Mittie Vanscyoc,Faisalabad,1992/2/27,Rebecca Lewis,Jalan Polris Komp. Griya Asri / XI /49,317102272920009,02125530403,081212330403,Peters@hotmail.com
404,Moh Rizky Suseno,Islamabad,1966/11/18,Madeleine Gibson,Jalan Polris Komp. Griya Asri / XI /50,3171061811660007,02125530404,081212330404,Campbell@ymail.com
405,Mohamed Cupples,Islamabad,1971/2/8,Yvonne Dowd,Jalan Polris Komp. Griya Asri / XI /51,31710182710009,02125530405,081212330405,Greene@rocketmail.com
406,Moh. Abdul Rizky, Mirpur A.K,1985/8/8,Siti Nurbaya,Jalan Polris Komp. Griya Asri / XI /52,31710188850004,02125530406,081212330406,mohdulky@gmail.com
407,Mohhamad A. Risky,Mardan,1985/8/8,Siti Nurbaya,Jln. Polris Kompleks Griya Asri 9 No. 52,317104111860008,02125530407,081900830123,abdul_rizky@yahoo.com
408,Monique Guida,Jhelum,1986/2/7,Penelope Duncan,Jalan Polris Komp. Griya Asri / XI /54,31710872860008,02125530408,081212330408,Burgess@hotmail.com
409,Muliady,Lahore,1981/12/16,Madeleine Mackenzie,Jalan Polris Komp. Griya Asri / XI /55,3171051612810002,02125530409,081212330409,Arnold@ymail.com
410,Myrl So,Gawadar,1987/9/15,Deirdre Payne,Jalan Polris Komp. Griya Asri / XI /56,317104159870002,02125530410,081212330410,Powell@rocketmail.com
411,Myrna Revel,Gujranwala,1987/9/7,Dorothy Mathis,Jalan Polris Komp. Griya Asri / XI /57,31710879870009,02125530411,081212330411,Welch@gmail.com
412,Myron Raine,Mardan,1992/12/27,Joan Peters,Jalan Polris Komp. Griya Asri / XI /58,3171092712920003,02125530412,081212330412,Stewart@yahoo.com
413,Nakisha Lowry,Muzaffarabad,1985/7/14,Megan Campbell,Jalan Polris Komp. Griya Asri / XI /59,317107147850004,02125530413,081212330413,White@hotmail.com
414,Natalia Marcus,Karachi,1984/1/21,Megan Greene,Jalan Polris Komp. Griya Asri / XI /60,317109211840004,02125530414,081212330414,Ferguson@ymail.com
415,Nathalie Gaines, Mirpur A.K,1980/2/24,Ruth Terry,Jalan Polris Komp. Griya Asri / XI /61,317106242800004,02125530415,081212330415,Davies@rocketmail.com
416,Nelly Durrance,Gujrat,1975/1/27,Michelle White,Jalan Polris Komp. Griya Asri / XI /62,317106271750002,02125530416,081212330416,Kerr@gmail.com
417,Netta Wijaya,Muzaffarabad,1974/10/25,Katherine Burgess,Jalan Polris Komp. Griya Asri / XI /63,3171082510740008,02125530417,081212330417,Coleman@yahoo.com
418,Nicholas Schall,Muzaffarabad,1977/3/1,Diana Arnold,Jalan Polris Komp. Griya Asri / XI /64,31710913770002,02125530418,081212330418,James@hotmail.com
419,Nicky Mossey,Lahore,1971/2/10,Caroline Moorehouse,Jalan Polris Komp. Griya Asri / XI /65,317102102710006,02125530419,081212330419,Newman@ymail.com
420,Niesha Doud,Mardan,1967/9/6,Leah Reid,Jalan Polris Komp. Griya Asri / XI /66,31710769670005,02125530420,081212330420,McGrath@rocketmail.com
421,Nikole Tomasini,Lahore,1984/12/12,Rebecca Parr,Jalan Polris Komp. Griya Asri / XI /67,3171081212840002,02125530421,081212330421,Brown@gmail.com
422,Noel Camara,Multan,1977/1/28,Arminda Szewczyk,Jalan Polris Komp. Griya Asri / XI /68,317107281770001,02125530422,081212330422,Springer@yahoo.com
423,Novella Joaquin,Faisalabad,1971/10/26,Wendy Powell,Jalan Polris Komp. Griya Asri / XI /69,3171032610710004,02125530423,081212330423,Ferguson@hotmail.com
424,Nu Broadhead,Faisalabad,1994/2/18,Jessica Welch,Jalan Polris Komp. Griya Asri / XI /70,317108182940001,02125530424,081212330424,Churchill@ymail.com
425,Odelia Gameros,Bahawalpur,1991/3/26,Deirdre Stewart,Jalan Polris Komp. Griya Asri / XI /71,317102263910009,02125530425,081212330425,Ince@rocketmail.com
426,Odis Nagao,Jhelum,1994/4/27,Kylie White,Jalan Polris Komp. Griya Asri / XI /72,317108274940005,02125530426,081212330426,Howard@gmail.com
427,Olin French,Hyderabad,1980/2/5,Fiona Ferguson,Jalan Polris Komp. Griya Asri / XI /73,31710752800001,02125530427,081212330427,Avery@yahoo.com
428,Onky Simatupang,Islamabad,1977/1/11,Audrey Davies,Jalan Polris Komp. Griya Asri / XI /74,317107111770009,02125530428,081212330428,Metcalfe@hotmail.com
429,Owen Romberger,Jhelum,1988/10/14,Stephanie Kerr,Jalan Polris Komp. Griya Asri / XI /75,3171011410880008,02125530429,081212330429,Simpson@ymail.com
430,Pasty Strandberg, Mirpur A.K,1984/6/6,Wanda Coleman,Jalan Polris Komp. Griya Asri / XI /76,31710266840009,02125530430,081212330430,Dowd@rocketmail.com
431,Patria Settle,Bahawalpur,1981/1/11,Lily James,Jalan Polris Komp. Griya Asri / XI /77,317106111810001,02125530431,081212330431,Smith@gmail.com
432,Paul Marcantonio,Islamabad,1965/8/18,Elizabeth Newman,Jalan Polris Komp. Griya Asri / XI /78,317103188650003,02125530432,081212330432,Rees@yahoo.com
433,Paul Westerfield,Gawadar,1972/3/7,Jennifer McGrath,Jalan Polris Komp. Griya Asri / XI /79,31710673720008,02125530433,081212330433,Berry@hotmail.com
434,Paulette Feehan,Gujranwala,1977/1/14,Deirdre Brown,Jalan Polris Komp. Griya Asri / XI /80,317102141770004,02125530434,081212330434,Hill@ymail.com
435,Peg Fuss,Muzaffarabad,1967/5/21,Gabrielle Springer,Jalan Polris Komp. Griya Asri / XI /81,317108215670009,02125530435,081212330435,MacDonald@rocketmail.com
436,Peg Wisneski,Faisalabad,1993/12/21,Grace Ferguson,Jalan Polris Komp. Griya Asri / XI /82,3171012112930008,02125530436,081212330436,Hodges@gmail.com
437,Pete Ager,Jhelum,1965/11/7,Bertha Wilhoit,Jalan Polris Komp. Griya Asri / XI /83,317101711650002,02125530437,081212330437,Metcalfe@yahoo.com
438,Peter Christian,Karachi,1970/4/28,Sue Vaughan,Jalan Polris Komp. Griya Asri / XI /84,317108284700006,02125530438,081212330438,Zenict@hotmail.com
439,Peter Raharjo, Mirpur A.K,1993/2/22,Carolyn Thomson,Jalan Polris Komp. Griya Asri / XI /85,317104222930008,02125530439,081212330439,Smith@ymail.com
440,Quincy Saulter,Hyderabad,1985/1/8,Olga Pardee,Jalan Polris Komp. Griya Asri / XI /86,31710981850009,02125530440,081212330440,Smith@rocketmail.com
441,Quinn Penhollow,Gawadar,1995/9/5,Rose Kelly,Jalan Polris Komp. Griya Asri / XI /87,31710459950009,02125530441,081212330441,Short@gmail.com
442,Quinton Lovato,Lahore,1992/3/16,Michelle Churchill,Jalan Polris Komp. Griya Asri / XI /88,317103163920006,02125530442,081212330442,Davies@yahoo.com
443,Raina Paramore,Jhelum,1970/2/8,Sonia Ince,Jalan Polris Komp. Griya Asri / XI /89,31710482700009,02125530443,081212330443,Turner@hotmail.com
444,Ranae Waybright,Multan,1987/11/19,Audrey Howard,Jalan Polris Komp. Griya Asri / XI /90,3171041911870005,02125530444,081212330444,Gibson@ymail.com
445,Randell Shive,Muzaffarabad,1995/4/14,Deirdre Avery,Jalan Polris Komp. Griya Asri / XI /91,317107144950007,02125530445,081212330445,Lawrence@rocketmail.com
446,Raymond Sitorus,Gujranwala,1979/8/17,Olivia Metcalfe,Jalan Polris Komp. Griya Asri / XI /92,317108178790004,02125530446,081212330446,Paige@gmail.com
447,Raymonde Padgett,Karachi,1967/2/27,Ella Simpson,Jalan Polris Komp. Griya Asri / XI /93,317108272670004,02125530447,081212330447,Black@yahoo.com
448,Regina Tina Yolanda,Mardan,1970/12/1,Jessica Dowd,Jalan Polris Komp. Griya Asri / XI /94,317108112700005,02125530448,081212330448,Greene@hotmail.com
449,Regina Tonomi,Muzaffarabad,1981/3/19,Megan Smith,Jalan Polris Komp. Griya Asri / XI /95,317101193810004,02125530449,081212330449,Campbell@ymail.com
450,Regina Claude,Karachi,1982/3/8,Bernadette Rees,Jalan Polris Komp. Griya Asri / XI /96,31710383820004,02125530450,081212330450,Chapman@rocketmail.com
451,Reginald Digregorio,Gujranwala,1974/4/27,Emily Berry,Greenville Komp. Bevery Hills Blok AA No 100,317105274740006,02125530451,081212330451,Gray@gmail.com
452,Reid Vrba,Mardan,1976/5/23,Latina Hylton,Greenville Komp. Bevery Hills Blok AA No 101,317109235760004,02125530452,081212330452,Buckland@yahoo.com
453,Rema Mcwilliam,Lahore,1967/5/2,Grace Hill,Greenville Komp. Bevery Hills Blok AA No 102,31710225670008,02125530453,081212330453,Lambert@hotmail.com
454,Renardi Sutanto,Gawadar,1979/9/14,Julia MacDonald,Greenville Komp. Bevery Hills Blok AA No 103,317108149790007,02125530454,081212330454,Alsop@ymail.com
455,Renato Born, Mirpur A.K,1991/12/21,Amy Hodges,Greenville Komp. Bevery Hills Blok AA No 104,3171052112910003,02125530455,081212330455,Graham@rocketmail.com
456,Retha Bunarto,Gujrat,1979/11/19,Katherine Metcalfe,Greenville Komp. Bevery Hills Blok AA No 105,3171061911790002,02125530456,081212330456,Bailey@gmail.com
457,Rey Zelinski,Muzaffarabad,1975/8/7,Ellissa Zenict,Greenville Komp. Bevery Hills Blok AA No 106,31710278750002,02125530457,081212330457,Henderson@yahoo.com
458,Ria Negus,Islamabad,1983/2/22,Emily Smith,Greenville Komp. Bevery Hills Blok AA No 107,317103222830006,02125530458,081212330458,Arnold@hotmail.com
459,Richard Yang, Mirpur A.K,1984/5/25,Victoria Smith,Greenville Komp. Bevery Hills Blok AA No 108,317105255840001,02125530459,081212330459,Kerr@ymail.com
460,Rickey Fullington, Mirpur A.K,1995/2/16,Maria Short,Greenville Komp. Bevery Hills Blok AA No 109,317106162950007,02125530460,081212330460,Berry@rocketmail.com
461,Ricki Victoria,Islamabad,1977/11/28,Samantha Davies,Greenville Komp. Bevery Hills Blok AA No 110,3171092811770001,02125530461,081212330461,Ferguson@gmail.com
462,Ridwan Tan,Gujranwala,1977/12/1,Claire Turner,Greenville Komp. Bevery Hills Blok AA No 111,317108112770001,02125530462,081212330462,Murray@yahoo.com
463,Rivka Nuzzo,Mardan,1992/1/11,Bernadette Gibson,Greenville Komp. Bevery Hills Blok AA No 112,317104111920004,02125530463,081212330463,Wilson@hotmail.com
464,Robert Sebastian,Gujranwala,1970/1/6,Abigail Lawrence,Greenville Komp. Bevery Hills Blok AA No 113,31710461700001,02125530464,081212330464,Dowd@ymail.com
465,Robin Bernhardt,Jhelum,1974/10/27,Nadia Brumm,Greenville Komp. Bevery Hills Blok AA No 114,3171062710740005,02125530465,081212330465,Mackay@rocketmail.com
466,Rodolfo Ater,Gawadar,1974/3/11,Lani Buitron,Greenville Komp. Bevery Hills Blok AA No 115,317109113740004,02125530466,081212330466,Ball@gmail.com
467,Rodolfo Underhill,Gawadar,1973/5/27,Sonia Paige,Greenville Komp. Bevery Hills Blok AA No 116,317106275730007,02125530467,081212330467,Lyman@yahoo.com
468,Rolf Goldsby,Jhelum,1965/5/9,Kimberly Black,Greenville Komp. Bevery Hills Blok AA No 117,31710695650008,02125530468,081212330468,Wilkins@hotmail.com
469,Roma Michael,Gawadar,1995/4/18,Heather Greene,Greenville Komp. Bevery Hills Blok AA No 118,317106184950001,02125530469,081212330469,Gray@ymail.com
470,Ronald Oey,Muzaffarabad,1988/5/7,Fiona Campbell,Greenville Komp. Bevery Hills Blok AA No 119,31710175880003,02125530470,081212330470,James@rocketmail.com
471,Rory Hernandez,Hyderabad,1983/7/1,Faith Chapman,Greenville Komp. Bevery Hills Blok AA No 120,31710917830009,02125530471,081212330471,Allan@gmail.com
472,Rory Hoying,Lahore,1979/3/11,Emma Gray,Greenville Komp. Bevery Hills Blok AA No 121,317101113790003,02125530472,081212330472,Short@yahoo.com
473,Rosalee Chien,Mardan,1990/5/23,Bella Buckland,Greenville Komp. Bevery Hills Blok AA No 122,317101235900001,02125530473,081212330473,Kelly@hotmail.com
474,Rosemarie Carner,Gujrat,1978/8/1,Olivia Lambert,Greenville Komp. Bevery Hills Blok AA No 123,31710418780005,02125530474,081212330474,Piper@ymail.com
475,Rosena Vanepps,Bahawalpur,1986/10/19,Vanessa Alsop,Greenville Komp. Bevery Hills Blok AA No 124,3171071910860003,02125530475,081212330475,Terry@rocketmail.com
476,Rosette Kleven,Gujrat,1970/12/3,Sophie Graham,Greenville Komp. Bevery Hills Blok AA No 125,317104312700008,02125530476,081212330476,Short@gmail.com
477,Rosette Schleich,Muzaffarabad,1990/6/6,Carol Bailey,Greenville Komp. Bevery Hills Blok AA No 126,31710666900006,02125530477,081212330477,Quinn@yahoo.com
478,Rosio Vaca,Mardan,1970/11/20,Rebecca Henderson,Greenville Komp. Bevery Hills Blok AA No 127,3171072011700007,02125530478,081212330478,Hill@hotmail.com
479,Rossie Petre,Hyderabad,1966/9/28,Rachel Arnold,Greenville Komp. Bevery Hills Blok AA No 128,317103289660006,02125530479,081212330479,McGrath@ymail.com
480,Roxy Teasley,Islamabad,1981/8/25,Kylie Kerr,Greenville Komp. Bevery Hills Blok AA No 129,317108258810001,02125530480,081212330480,Gray@rocketmail.com
481,Rozanne Gerry,Jhelum,1982/7/10,Grace Berry,Greenville Komp. Bevery Hills Blok AA No 130,317101107820003,02125530481,081212330481,Terry@gmail.com
482,Rubie Oreilly,Gujrat,1987/6/21,Sally Ferguson,Greenville Komp. Bevery Hills Blok AA No 131,317102216870009,02125530482,081212330482,Ogden@yahoo.com
483,Ruby Sam,Lahore,1974/8/12,Felicity Murray,Greenville Komp. Bevery Hills Blok AA No 132,317102128740001,02125530483,081212330483,Watson@hotmail.com
484,Russel Gaut,Mardan,1968/3/4,Anne Wilson,Greenville Komp. Bevery Hills Blok AA No 133,31710243680001,02125530484,081212330484,Wallace@ymail.com
485,Ruthe Diem,Islamabad,1992/6/17,Irene Dowd,Greenville Komp. Bevery Hills Blok AA No 134,317107176920005,02125530485,081212330485,Lee@rocketmail.com
486,Sade Kalina,Karachi,1974/4/9,Lauren Mackay,Greenville Komp. Bevery Hills Blok AA No 135,31710694740004,02125530486,081212330486,MacDonald@gmail.com
487,Sadie Boaz,Gawadar,1991/9/22,Karen Ball,Greenville Komp. Bevery Hills Blok AA No 136,317101229910002,02125530487,081212330487,Jackson@yahoo.com
488,Salvador Zawacki,Gujrat,1987/7/18,Wendy Lyman,Greenville Komp. Bevery Hills Blok AA No 137,317101187870009,02125530488,081212330488,Buckland@hotmail.com
489,Samuel Kong,Muzaffarabad,1990/5/24,Kylie Wilkins,Greenville Komp. Bevery Hills Blok AA No 138,317101245900006,02125530489,081212330489,Walker@ymail.com
490,Sanjuana Caminiti,Karachi,1990/4/9,Amelia Gray,Greenville Komp. Bevery Hills Blok AA No 139,31710294900001,02125530490,081212330490,Mills@rocketmail.com
491,Sanjuanita Abel,Mardan,1974/4/3,Jennifer James,Greenville Komp. Bevery Hills Blok AA No 140,31710134740001,02125530491,081212330491,Paterson@gmail.com
492,Sanjuanita Labriola,Karacih,1990/3/21,Andrea Allan,Greenville Komp. Bevery Hills Blok AA No 141,317102213900005,02125530492,081212330492,Parr@yahoo.com
493,Sarina Doom,Muzaffarabad,1970/5/25,Vanessa Short,Greenville Komp. Bevery Hills Blok AA No 142,317102255700008,02125530493,081212330493,Clarkson@hotmail.com
494,Scarlett Cutler,Islamabad,1995/7/25,Grace Kelly,Greenville Komp. Bevery Hills Blok AA No 143,317105257950009,02125530494,081212330494,Abraham@ymail.com
495,Senaida Hottinger,Mardan,1988/2/23,Madeleine Piper,Greenville Komp. Bevery Hills Blok AA No 144,317106232880006,02125530495,081212330495,Tucker@rocketmail.com
496,Shad Riggan,Gawadar,1976/10/4,Carylon East,Greenville Komp. Bevery Hills Blok AA No 145,317103410760006,02125530496,081212330496,Roberts@gmail.com
497,Shandi Ferrigno,Mirpur A.K,1982/8/23,Amelia Terry,Greenville Komp. Bevery Hills Blok AA No 146,317102238820006,02125530497,081212330497,Stewart@yahoo.com
498,Sharda Herrin,Jhelum,1969/7/7,Bella Short,Greenville Komp. Bevery Hills Blok AA No 147,31710477690001,02125530498,081212330498,Gray@hotmail
499,Shelli Hipps,Hyderabad,1973/7/18,Jasmine Quinn,Greenville Komp. Bevery Hills Blok AA No 148,317109187730001,02125530499,081212330499,Churchill@ymail.com